{
  "Alabama": [
    32.78990682135675,
    -86.82778271419518
  ],
  "Alaska": [
    64.2204189994081,
    -152.54268949281357
  ],
  "Arizona": [
    34.29339257053982,
    -111.6632955488151
  ],
  "Arkansas": [
    34.89824915294627,
    -92.44092031324395
  ],
  "California": [
    37.253894888712104,
    -119.61438873320435
  ],
  "Colorado": [
    38.99933966538301,
    -105.54877269595791
  ],
  "Connecticut": [
    41.62089484862288,
    -72.72785582518726
  ],
  "Delaware": [
    38.982685337723325,
    -75.49756138697988
  ],
  "District of Columbia": [
    38.89837844615375,
    -77.02180859388534
  ],
  "Florida": [
    28.65889405831818,
    -82.50397028130844
  ],
  "Georgia": [
    32.647998651064185,
    -83.44647345980864
  ],
  "Hawaii": [
    20.14889874154337,
    -156.21762632280317
  ],
  "Idaho": [
    44.38830348391967,
    -114.65981673436995
  ],
  "Illinois": [
    40.06267347605749,
    -89.19574045675363
  ],
  "Indiana": [
    39.91212256329726,
    -86.27067081277526
  ],
  "Iowa": [
    42.07550243132768,
    -93.50039607537926
  ],
  "Kansas": [
    38.484403669487705,
    -98.38277207357518
  ],
  "Kentucky": [
    37.52693228579758,
    -85.29211100755428
  ],
  "Louisiana": [
    31.061170988123184,
    -91.98856423817978
  ],
  "Maine": [
    45.37856800973397,
    -69.23244781343445
  ],
  "Maryland": [
    39.03702097199749,
    -76.77057507690161
  ],
  "Massachusetts": [
    42.26704124778922,
    -71.84340676994377
  ],
  "Michigan": [
    44.3403584281452,
    -85.42558192179358
  ],
  "Minnesota": [
    46.317018139687704,
    -94.31123738894185
  ],
  "Mississippi": [
    32.749801534175724,
    -89.66350130829375
  ],
  "Missouri": [
    38.36805363515973,
    -92.47744231074401
  ],
  "Montana": [
    47.033440693500935,
    -109.64685632824923
  ],
  "Nebraska": [
    41.52780689020982,
    -99.81051493779842
  ],
  "Nevada": [
    39.35482764691297,
    -116.65435595238647
  ],
  "New Hampshire": [
    43.68176172611066,
    -71.57906198290004
  ],
  "New Jersey": [
    40.19283878204817,
    -74.6618688363718
  ],
  "New Mexico": [
    34.421558301834814,
    -106.10784047639247
  ],
  "New York": [
    42.94335660110057,
    -75.50111020443045
  ],
  "North Carolina": [
    35.53769328532451,
    -79.33904918457344
  ],
  "North Dakota": [
    47.44546543570713,
    -100.47012149779626
  ],
  "Ohio": [
    40.29607340765351,
    -82.78820639463287
  ],
  "Oklahoma": [
    35.584949944469514,
    -97.50582015711895
  ],
  "Oregon": [
    43.937317506889805,
    -120.55532730535728
  ],
  "Pennsylvania": [
    40.874137390013374,
    -77.8000378488181
  ],
  "Rhode Island": [
    41.69148952545731,
    -71.5708604042548
  ],
  "South Carolina": [
    33.903680752231125,
    -80.89540604318552
  ],
  "South Dakota": [
    44.435973156474375,
    -100.23295560524708
  ],
  "Tennessee": [
    35.84252384457215,
    -86.34798928628635
  ],
  "Texas": [
    31.49517292598851,
    -99.35787337649897
  ],
  "Utah": [
    39.32521344208082,
    -111.67783753070134
  ],
  "Vermont": [
    44.07439915919234,
    -72.65947383995099
  ],
  "Virginia": [
    37.515059936575014,
    -78.78931517672089
  ],
  "Washington": [
    47.37537933179685,
    -120.4489812152016
  ],
  "West Virginia": [
    38.638439624364274,
    -80.6166804380073
  ],
  "Wisconsin": [
    44.635044961652504,
    -90.01422478448723
  ],
  "Wyoming": [
    43.000697315185285,
    -107.55190182272793
  ],
  "Puerto Rico": [
    18.229196870904868,
    -66.47630720571152
  ]
}