{
  "Quebec": [
    53.38281,
    -71.77248
  ],
  "Newfoundland and Labrador": [
      52.86253,
    -60.46111
  ],
  "British Columbia": [
      54.76792,
    -124.73663
  ],
  "Nunavut": [
      71.04894,
    -88.89483
  ],
  "Northwest Territories": [
      66.34936,
    -119.00123
  ],
  "New Brunswick": [
      46.62719,
    -66.38041
  ],
  "Nova Scotia": [
      45.15019,
    -63.32607
  ],
  "Saskatchewan": [
      54.41795,
    -105.88938
  ],
  "Alberta": [
      55.16361,
    -114.50705
  ],
  "Prince Edward Island": [
      46.40094,
    -63.25774
  ],
  "Yukon": [
      63.63375,
    -135.50755
  ],
  "Manitoba": [
      54.92599,
    -97.42889
  ],
  "Ontario": [
      50.45102,
    -86.07296
  ]
}
